forecast_timestamp,hour,day_of_week,month,year,incident_category,season,unified_call_source,location_area,unified_alarm_level,calls_past_30min,calls_past_60min,response_minutes,delay_risk_probability,model_version,forecast_generated_at,last_training_timestamp
2025-01-01T00:58:30.000Z,0,4,1,2025,Medical,Winter,EMS / Medical,BROOKLYN,1,28.575041689827682,59.78043357420789,5.741675931072825,0.11465959092392741,gbt_classifier_v1.0,2026-03-19T18:24:36.108Z,2024-12-31T23:58:30.000Z
2025-01-01T01:58:30.000Z,1,4,1,2025,Medical,Winter,EMS / Medical,BROOKLYN,1,22.75349162011173,48.30167597765363,6.008634776536324,0.1417606307406838,gbt_classifier_v1.0,2026-03-19T18:24:36.108Z,2024-12-31T23:58:30.000Z
2025-01-01T02:58:30.000Z,2,4,1,2025,Medical,Winter,EMS / Medical,BROOKLYN,1,19.491197939029625,40.65006440532417,6.251696006869908,0.14992045136080945,gbt_classifier_v1.0,2026-03-19T18:24:36.108Z,2024-12-31T23:58:30.000Z
2025-01-01T03:58:30.000Z,3,4,1,2025,Medical,Winter,EMS / Medical,BROOKLYN,1,16.801841085271317,34.97722868217054,6.37074612403101,0.1541379080787072,gbt_classifier_v1.0,2026-03-19T18:24:36.108Z,2024-12-31T23:58:30.000Z
2025-01-01T04:58:30.000Z,4,4,1,2025,Medical,Winter,EMS / Medical,BROOKLYN,1,15.6900974858902,32.0702924576706,6.463724987172909,0.1541379080787072,gbt_classifier_v1.0,2026-03-19T18:24:36.108Z,2024-12-31T23:58:30.000Z
2025-01-01T05:58:30.000Z,5,4,1,2025,Medical,Winter,EMS / Medical,BROOKLYN,1,16.76401973979363,32.38043965903993,6.557025572005369,0.1541379080787072,gbt_classifier_v1.0,2026-03-19T18:24:36.108Z,2024-12-31T23:58:30.000Z
2025-01-01T06:58:30.000Z,6,4,1,2025,Medical,Winter,EMS / Medical,BROOKLYN,1,21.09549839228296,39.64662379421222,6.593257234726674,0.1541379080787072,gbt_classifier_v1.0,2026-03-19T18:24:36.108Z,2024-12-31T23:58:30.000Z
2025-01-01T07:58:30.000Z,7,4,1,2025,Medical,Winter,EMS / Medical,BROOKLYN,1,27.71909594095941,51.95571955719557,6.522527675276742,0.1541379080787072,gbt_classifier_v1.0,2026-03-19T18:24:36.108Z,2024-12-31T23:58:30.000Z
2025-01-01T08:58:30.000Z,8,4,1,2025,Medical,Winter,EMS / Medical,BROOKLYN,1,35.5656311725624,67.37457353205244,6.0224492727598955,0.10869099618146694,gbt_classifier_v1.0,2026-03-19T18:24:36.108Z,2024-12-31T23:58:30.000Z
2025-01-01T09:58:30.000Z,9,4,1,2025,Medical,Winter,EMS / Medical,BROOKLYN,1,40.23766666666667,78.43083333333334,6.02268333333334,0.10869099618146694,gbt_classifier_v1.0,2026-03-19T18:24:36.108Z,2024-12-31T23:58:30.000Z
2025-01-01T10:58:30.000Z,10,4,1,2025,Medical,Winter,EMS / Medical,BROOKLYN,1,41.95437751004016,82.81751004016064,5.864748594377504,0.10869099618146694,gbt_classifier_v1.0,2026-03-19T18:24:36.108Z,2024-12-31T23:58:30.000Z
2025-01-01T11:58:30.000Z,11,4,1,2025,Medical,Winter,EMS / Medical,BROOKLYN,1,45.236609152288075,88.96369092273068,5.851794448612123,0.10869099618146694,gbt_classifier_v1.0,2026-03-19T18:24:36.108Z,2024-12-31T23:58:30.000Z
2025-01-01T12:58:30.000Z,12,4,1,2025,Medical,Winter,EMS / Medical,BROOKLYN,1,46.332731648616125,92.64274969915765,5.883745487364613,0.10869099618146694,gbt_classifier_v1.0,2026-03-19T18:24:36.108Z,2024-12-31T23:58:30.000Z
2025-01-01T13:58:30.000Z,13,4,1,2025,Medical,Winter,EMS / Medical,BROOKLYN,1,46.671348717213704,92.66375232908126,5.898664182313309,0.10869099618146694,gbt_classifier_v1.0,2026-03-19T18:24:36.108Z,2024-12-31T23:58:30.000Z
2025-01-01T14:58:30.000Z,14,4,1,2025,Medical,Winter,EMS / Medical,BROOKLYN,1,47.53170731707317,94.78285714285714,5.991870383275288,0.10869099618146694,gbt_classifier_v1.0,2026-03-19T18:24:36.108Z,2024-12-31T23:58:30.000Z
2025-01-01T15:58:30.000Z,15,4,1,2025,Medical,Winter,EMS / Medical,BROOKLYN,1,49.381610738255034,97.85140939597315,6.065904697986562,0.10869099618146694,gbt_classifier_v1.0,2026-03-19T18:24:36.108Z,2024-12-31T23:58:30.000Z
2025-01-01T16:58:30.000Z,16,4,1,2025,Medical,Winter,EMS / Medical,BROOKLYN,1,48.898399348887686,98.04164405860011,6.020411014650051,0.10869099618146694,gbt_classifier_v1.0,2026-03-19T18:24:36.108Z,2024-12-31T23:58:30.000Z
2025-01-01T17:58:30.000Z,17,4,1,2025,Medical,Winter,EMS / Medical,BROOKLYN,1,48.7933221172512,97.87821923126698,6.000133298822333,0.10869099618146694,gbt_classifier_v1.0,2026-03-19T18:24:36.108Z,2024-12-31T23:58:30.000Z
2025-01-01T18:58:30.000Z,18,4,1,2025,Medical,Winter,EMS / Medical,BROOKLYN,1,49.214529689963214,98.77285864424593,5.837892800840792,0.10869099618146694,gbt_classifier_v1.0,2026-03-19T18:24:36.108Z,2024-12-31T23:58:30.000Z
2025-01-01T19:58:30.000Z,19,4,1,2025,Medical,Winter,EMS / Medical,BROOKLYN,1,49.06574861617389,98.25610908599973,5.7159430268664515,0.10072439139097167,gbt_classifier_v1.0,2026-03-19T18:24:36.108Z,2024-12-31T23:58:30.000Z
2025-01-01T20:58:30.000Z,20,4,1,2025,Medical,Winter,EMS / Medical,BROOKLYN,1,45.53258357726082,93.37790787243875,5.581315667847785,0.09864003252551778,gbt_classifier_v1.0,2026-03-19T18:24:36.108Z,2024-12-31T23:58:30.000Z
2025-01-01T21:58:30.000Z,21,4,1,2025,Medical,Winter,EMS / Medical,BROOKLYN,1,42.95352250489237,86.38095238095238,5.524129158512733,0.09654064547863217,gbt_classifier_v1.0,2026-03-19T18:24:36.108Z,2024-12-31T23:58:30.000Z
2025-01-01T22:58:30.000Z,22,4,1,2025,Medical,Winter,EMS / Medical,BROOKLYN,1,39.00036717459152,80.28070497521571,5.531958876445737,0.09663560249526726,gbt_classifier_v1.0,2026-03-19T18:24:36.108Z,2024-12-31T23:58:30.000Z
2025-01-01T23:58:30.000Z,23,4,1,2025,Medical,Winter,EMS / Medical,BROOKLYN,1,33.461948955916476,69.84524361948957,5.629417633410673,0.09663560249526726,gbt_classifier_v1.0,2026-03-19T18:24:36.108Z,2024-12-31T23:58:30.000Z
